{
  "id": "",
  "name": "",
  "font_family": "iconfont",
  "css_prefix_text": "icon-",
  "description": "",
  "glyphs": [
    {
      "icon_id": "68264",
      "name": "搜索，猫客",
      "font_class": "sousuo",
      "unicode": "f00a8",
      "unicode_decimal": 983208
    },
    {
      "icon_id": "586901",
      "name": "forward-o",
      "font_class": "forwardo",
      "unicode": "e736",
      "unicode_decimal": 59190
    },
    {
      "icon_id": "778500",
      "name": "右箭头",
      "font_class": "youjiantou",
      "unicode": "e619",
      "unicode_decimal": 58905
    },
    {
      "icon_id": "1139073",
      "name": "箭头",
      "font_class": "jiantou",
      "unicode": "e623",
      "unicode_decimal": 58915
    },
    {
      "icon_id": "1278388",
      "name": "weixing",
      "font_class": "weixing",
      "unicode": "e632",
      "unicode_decimal": 58930
    },
    {
      "icon_id": "4936984",
      "name": "QQ",
      "font_class": "QQ",
      "unicode": "e882",
      "unicode_decimal": 59522
    },
    {
      "icon_id": "4936987",
      "name": "weibo",
      "font_class": "weibo",
      "unicode": "e883",
      "unicode_decimal": 59523
    },
    {
      "icon_id": "6756192",
      "name": "右箭头",
      "font_class": "youjiantou1",
      "unicode": "e602",
      "unicode_decimal": 58882
    },
    {
      "icon_id": "6756294",
      "name": "左箭头",
      "font_class": "zuojiantou",
      "unicode": "e608",
      "unicode_decimal": 58888
    },
    {
      "icon_id": "6978120",
      "name": "右箭头",
      "font_class": "youjiantou2",
      "unicode": "e62c",
      "unicode_decimal": 58924
    },
    {
      "icon_id": "7587983",
      "name": "右箭头",
      "font_class": "youjiantou3",
      "unicode": "e61a",
      "unicode_decimal": 58906
    },
    {
      "icon_id": "7588137",
      "name": "右箭头",
      "font_class": "youjiantou4",
      "unicode": "e627",
      "unicode_decimal": 58919
    },
    {
      "icon_id": "8103407",
      "name": "右箭头",
      "font_class": "danseshixintubiao-",
      "unicode": "e62d",
      "unicode_decimal": 58925
    },
    {
      "icon_id": "20236305",
      "name": "右箭头",
      "font_class": "youjiantou5",
      "unicode": "e614",
      "unicode_decimal": 58900
    },
    {
      "icon_id": "26922987",
      "name": "右箭头-02",
      "font_class": "youjiantou-02",
      "unicode": "e63a",
      "unicode_decimal": 58938
    }
  ]
}
